Description,Accuracy,Base Rate,Selection Rate,Disparate Impact,Statistical Parity Difference,Between Group Coefficient of Variation,Between Group Generalized Entropy Index,Between Group Theil Index,Mean Difference,Smoothed Empirical Differential Fairness,Consistency,Average Absolute Odds Difference,Average Odds Difference,Average Predictive Value Difference,Between All Groups Coefficient of Variation,Between All Groups Generalized Entropy Index,Between All Groups Theil Index,Coefficient of Variation,Differential Fairness Bias Amplification,Equal Opportunity Difference,Equalized Odds Difference,Error Rate,Error Rate Difference,Error Rate Ratio,False Discovery Rate,False Discovery Rate Difference,False Discovery Rate Ratio,False Negative Rate,False Negative Rate Difference,False Negative Rate Ratio,False Omission Rate,False Omission Rate Difference,False Omission Rate Ratio,False Positive Rate,False Positive Rate Difference,False Positive Rate Ratio,Generalized Entropy Index,Generalized Equalized Odds Difference,Generalized False Negative Rate,Generalized False Positive Rate,Generalized True Negative Rate,Generalized True Positive Rate,Negative Predictive Value,Number of False Negatives,Number of False Positives,Number of Generalized False Negatives,Number of Generalized False Positives,Number of Generalized True Negatives,Number of Generalized True Positives,Number of Instances,Number of Negatives,Number of Positives,Number of Predicted Negatives,Number of Predicted Positives,Number of True Negatives,Number of True Positives,Positive Predictive Value,Power,Precision,Recall,Sensitivity,Specificity,Theil Index,True Negative Rate,True Positive Rate,True Positive Rate Difference
Ideal Values,N/A,N/A,N/A,1.0,0.0,0.0,0.0,0.0,0.0,0.0,1.0,N/A,N/A,N/A,N/A,N/A,N/A,N/A,N/A,0.0,0.0,0.0,0.0,1.0,0.0,0.0,1.0,0.0,0.0,1.0,0.0,0.0,1.0,0.0,0.0,1.0,N/A,0.0,0.0,0.0,1.0,1.0,N/A,N/A,N/A,N/A,N/A,N/A,N/A,N/A,N/A,N/A,N/A,N/A,N/A,N/A,N/A,N/A,N/A,N/A,N/A,N/A,N/A,1.0,1.0,0.0
MLP GENDER Mitigation,0.4913153786104606,0.5035128805620609,0.5241022638563623,0.7817210196375417,-0.12721732527105217,0.13202637204845236,0.008715481458138179,0.008801390039621234,-0.12721732527105217,0.2934255907734742,0.9519516003122567,0.12910037439337751,-0.12910037439337751,0.14129614129659754,0.13202637204845236,0.008715481458138179,0.008801390039621234,0.6985415094435878,-0.027317302088943007,-0.06775449837105835,0.19044625041569668,0.5086846213895394,-0.06324602090256981,0.8824152482006805,0.504933904300875,-0.2023731400999642,0.654731024635817,0.48468992248062015,0.06775449837105835,1.1510243389360433,0.5128152552798851,0.08021914249323087,1.1705119723170982,0.5330188679245284,-0.19044625041569668,0.6863951398990331,0.24398012020786305,0.19044625041569668,0.48468992248062015,0.5330188679245284,0.4669811320754717,0.5153100775193798,0.4871847447201148,2501.0,2712.0,2501.0,2712.0,2376.0,2659.0,10248.0,5088.0,5160.0,4877.0,5371.0,2376.0,2659.0,0.4950660956991249,2659.0,0.4950660956991249,0.5153100775193798,0.5153100775193798,0.4669811320754717,0.3390833620580935,0.4669811320754717,0.5153100775193798,-0.06775449837105835
MLP DIR GENDER Mitigation,0.4961943793911007,0.5080991412958626,0.5238095238095238,0.7820794938391173,-0.1269651376559951,0.12534254236540449,0.007855376463311609,0.007925425797024387,-0.1269651376559951,0.26494070782805434,0.9536299765807967,0.12938604895377545,-0.12938604895377545,0.12819166365949708,0.12534254236540449,0.007855376463311609,0.007925425797024387,0.6986428279861038,0.000593318797152742,-0.09044458369798625,0.16832751420956465,0.5038056206088992,-0.0398587353001334,0.9236815513797306,0.4959016393442623,-0.16697355827658905,0.7035178646667768,0.48031496062992124,0.09044458369798625,1.2090048994069569,0.5125,0.08940976904240511,1.1922142600387287,0.5280698274151954,-0.16832751420956465,0.7171538223835958,0.24405090054821027,0.16832751420956465,0.48031496062992124,0.5280698274151954,0.4719301725848046,0.5196850393700787,0.4875,2501.0,2662.0,2501.0,2662.0,2379.0,2706.0,10248.0,5041.0,5207.0,4880.0,5368.0,2379.0,2706.0,0.5040983606557377,2706.0,0.5040983606557377,0.5196850393700787,0.5196850393700787,0.4719301725848046,0.3389429796204396,0.4719301725848046,0.5196850393700787,-0.09044458369798625
MLP Reweighed GENDER Mitigation,0.501951600312256,0.5121975019516003,0.5145394223263076,0.7793455341477941,-0.12625810492189798,0.12780942345301127,0.008167624361695575,0.00825183464737102,-0.12625810492189798,0.27318815050020173,0.9528883684621395,0.1303387331748123,-0.1303387331748123,0.13320991087860695,0.12780942345301127,0.008167624361695575,0.00825183464737102,0.7040726742087382,-0.014626449947505837,-0.09995070431751651,0.16072676203210806,0.49804839968774395,-0.027476606248158064,0.9461872164650917,0.48625071117011187,-0.16320970008040087,0.703711621392503,0.4839016955610593,0.09995070431751657,1.2314116031027798,0.5105527638190954,0.1032101216768131,1.225961865656405,0.5129025805161033,-0.16072676203210806,0.720765870406896,0.247859165283722,0.16072676203210806,0.4839016955610593,0.5129025805161033,0.4870974194838968,0.5160983044389408,0.4894472361809045,2540.0,2564.0,2540.0,2564.0,2435.0,2709.0,10248.0,4999.0,5249.0,4975.0,5273.0,2435.0,2709.0,0.5137492888298881,2709.0,0.5137492888298881,0.5160983044389408,0.5160983044389408,0.4870974194838968,0.3436945736740279,0.4870974194838968,0.5160983044389408,-0.09995070431751651
MLP AGE Mitigation,0.4913153786104606,0.5035128805620609,0.5241022638563623,1.2170232534890524,0.10921828712129955,0.0468897392527276,0.0010993238235943918,0.0010736164581088147,0.10921828712129955,0.025122602386427495,0.9519516003122567,0.11274904418000894,0.10996489481719349,-0.03236512765906019,0.0468897392527276,0.0010993238235943918,0.0010736164581088147,0.6985415094435878,0.2230225775255027,0.22271393899720243,0.22271393899720243,0.5086846213895394,-0.1111966889514322,0.7901586379642067,0.504933904300875,-0.084778648974427,0.8381604290163386,0.48468992248062015,-0.2227139389972025,0.5768636892693549,0.5128152552798851,-0.14950890429254732,0.7210927641390388,0.5330188679245284,-0.002784149362815458,0.9947819487925641,0.24398012020786305,0.22271393899720243,0.48468992248062015,0.5330188679245284,0.4669811320754717,0.5153100775193798,0.4871847447201148,2501.0,2712.0,2501.0,2712.0,2376.0,2659.0,10248.0,5088.0,5160.0,4877.0,5371.0,2376.0,2659.0,0.4950660956991249,2659.0,0.4950660956991249,0.5153100775193798,0.5153100775193798,0.4669811320754717,0.3390833620580935,0.4669811320754717,0.5153100775193798,0.22271393899720243
MLP DIR AGE Mitigation,0.5028298204527712,0.5075136612021858,0.5282982045277127,1.1899459264358903,0.0968598432818778,0.04502235085373285,0.0010135060381983095,0.0009905559752402242,0.0968598432818778,0.04086147801170448,0.9503122560499616,0.09784746106058978,0.09784746106058978,-0.036564721225606056,0.04502235085373285,0.0010135060381983095,0.0009905559752402242,0.6904459500775567,0.1792071784628967,0.18195307675562322,0.18195307675562322,0.49717017954722875,-0.0819260421098229,0.8402076609389199,0.4902105652013299,-0.050917021909388294,0.8984297749475932,0.4693328206114209,-0.18195307675562328,0.638053996730149,0.5049648324369053,-0.12404646436060046,0.7635273489706585,0.5258569447196354,0.013741845365556338,1.0262667962757548,0.23835780498924997,0.18195307675562322,0.4693328206114209,0.5258569447196354,0.4741430552803646,0.5306671793885791,0.49503516756309474,2441.0,2654.0,2441.0,2654.0,2393.0,2760.0,10248.0,5047.0,5201.0,4834.0,5414.0,2393.0,2760.0,0.5097894347986701,2760.0,0.5097894347986701,0.5306671793885791,0.5306671793885791,0.4741430552803646,0.3311372582961101,0.4741430552803646,0.5306671793885791,0.18195307675562322
MLP Reweighed AGE Mitigation,0.48467993754879,0.501951600312256,0.5367876658860266,1.1377467905229102,0.07207584677727663,0.02702468610502548,0.00036516682953757865,0.00036006179571838046,0.07207584677727663,0.0009527262501051181,0.949629195940672,0.07181894984498266,0.07181894984498266,-0.007417940317366173,0.02702468610502548,0.00036516682953757865,0.00036006179571838046,0.6928751664507908,0.1628404586275397,0.13222009829273862,0.13222009829273862,0.51532006245121,-0.06075912313086418,0.8846491373589912,0.5124522814033812,-0.05430679866875848,0.896314726785426,0.4786158631415241,-0.13222009829273867,0.7373830953072898,0.5186433536970718,-0.06914267930349088,0.8695396331544214,0.5523119122257053,0.011417801397226701,1.0207532681249023,0.24003799814210555,0.13222009829273862,0.4786158631415241,0.5523119122257053,0.4476880877742947,0.5213841368584758,0.4813566463029282,2462.0,2819.0,2462.0,2819.0,2285.0,2682.0,10248.0,5104.0,5144.0,4747.0,5501.0,2285.0,2682.0,0.4875477185966188,2682.0,0.4875477185966188,0.5213841368584758,0.5213841368584758,0.4476880877742947,0.33425898544124527,0.4476880877742947,0.5213841368584758,0.13222009829273862
MLP AGE&GENDER Mitigation,0.4913153786104606,0.5035128805620609,0.5241022638563623,1.0899975828281978,0.05244713338915985,0.8834609865886495,0.39025165741209494,0.5760217029517788,0.05244713338915985,0.6896713627602191,0.9519516003122567,0.07692196432498968,0.07692196432498968,0.17630126695463688,0.14521737105944746,0.010544042428708626,0.010682535625146636,0.6985415094435878,-0.19419579714955837,0.08743758724363798,0.08743758724363798,0.5086846213895394,-0.05672518078777711,0.9031602330914376,0.504933904300875,-0.18816777041942606,0.6905989110707804,0.48468992248062015,-0.08743758724363787,0.8262593261813164,0.5128152552798851,0.16443476348984776,1.296561677248604,0.5330188679245284,0.06640634140634138,1.1012365277338054,0.24398012020786305,0.08743758724363798,0.48468992248062015,0.5330188679245284,0.4669811320754717,0.5153100775193798,0.4871847447201148,2501.0,2712.0,2501.0,2712.0,2376.0,2659.0,10248.0,5088.0,5160.0,4877.0,5371.0,2376.0,2659.0,0.4950660956991249,2659.0,0.4950660956991249,0.5153100775193798,0.5153100775193798,0.4669811320754717,0.3390833620580935,0.4669811320754717,0.5153100775193798,0.08743758724363798
MLP DIR AGE&GENDER Mitigation,0.4957064793130367,0.5060499609679937,0.5329820452771272,0.9899182884947075,-0.006165029859826365,0.8815491154772837,0.38856442149939063,0.5729778202228997,-0.006165029859826365,0.7163154467321009,0.9507611241217805,0.05516546253185084,0.025162776146170684,0.1933979296073118,0.15304754573307344,0.011711775627458601,0.011825137384846347,0.6910149106900028,-0.2701957272067857,-0.030002686385680155,0.08032823867802152,0.5042935206869633,0.007311208505601519,1.01340014442361,0.49835225192237276,-0.14508495837609764,0.7417275680064961,0.47165445430003855,0.030002686385680155,1.0697888574623429,0.511073965733389,0.24171090083852598,1.4646554273883465,0.5377321216910312,0.08032823867802152,1.1239168261701757,0.23875080339795623,0.08032823867802152,0.47165445430003855,0.5377321216910312,0.46226787830896876,0.5283455456999614,0.48892603426661096,2446.0,2722.0,2446.0,2722.0,2340.0,2740.0,10248.0,5062.0,5186.0,4786.0,5462.0,2340.0,2740.0,0.5016477480776272,2740.0,0.5016477480776272,0.5283455456999614,0.5283455456999614,0.46226787830896876,0.3319849436216646,0.46226787830896876,0.5283455456999614,-0.030002686385680155
MLP Reweighed AGE&GENDER Mitigation,0.5007806401249024,0.499512099921936,0.5201990632318502,0.9693700002693457,-0.017955969033374597,0.8876316279085034,0.3939449534317499,0.5788577834762596,-0.017955969033374597,0.6855056215121857,0.9500585480093683,0.04779222066930178,0.007836069432435755,0.17532639276859116,0.1435479742028153,0.01030301044886606,0.010386979715693521,0.6919375743244394,-0.32362386798068143,-0.03995615123686602,0.05562829010173753,0.4992193598750976,0.017506754014908643,1.0320010044058205,0.49971862689926844,-0.13256706796852785,0.7703958494097558,0.47899980464934555,0.03995615123686608,1.0874117647058823,0.4986780557250356,0.21808571756865447,1.4325925925925926,0.5193994930785728,0.05562829010173753,1.089349864189959,0.23938880338099452,0.05562829010173753,0.47899980464934555,0.5193994930785728,0.4806005069214272,0.5210001953506544,0.5013219442749645,2452.0,2664.0,2452.0,2664.0,2465.0,2667.0,10248.0,5129.0,5119.0,4917.0,5331.0,2465.0,2667.0,0.5002813731007316,2667.0,0.5002813731007316,0.5210001953506544,0.5210001953506544,0.4806005069214272,0.332591809401575,0.4806005069214272,0.5210001953506544,-0.03995615123686602
MLP GENDER Mitigation,0.5139539422326308,0.5035128805620609,0.5120023419203747,0.7971927796893663,-0.11456145445963128,0.12735434326978584,0.008109564374839224,0.008185790655800338,-0.11456145445963128,0.2934255907734742,0.9519516003122567,0.122107147943705,-0.122107147943705,0.1479371178567961,0.12735434326978584,0.008109564374839224,0.008185790655800338,0.6912500047083588,-0.0597553108568728,-0.08467509568787557,0.15953920019953444,0.4860460577673692,-0.03651482329213562,0.9273914252518903,0.4829426338860301,-0.18466880848775685,0.6689978861090637,0.4742248062015504,0.08467509568787562,1.1973027808788916,0.48930213957208557,0.11120542722583537,1.2577260914760915,0.49803459119496857,-0.15953920019953444,0.7152330779647182,0.23891328450465305,0.15953920019953444,0.4742248062015504,0.49803459119496857,0.5019654088050315,0.5257751937984496,0.5106978604279144,2447.0,2534.0,2447.0,2534.0,2554.0,2713.0,10248.0,5088.0,5160.0,5001.0,5247.0,2554.0,2713.0,0.5170573661139699,2713.0,0.5170573661139699,0.5257751937984496,0.5257751937984496,0.5019654088050315,0.33144670151177114,0.5019654088050315,0.5257751937984496,-0.08467509568787557
MLP DIR GENDER Mitigation,0.4961943793911007,0.5066354410616706,0.5166861826697893,0.7246542853069636,-0.16288967045153435,0.1489430910370072,0.011092022183829108,0.011224561704361096,-0.16288967045153435,0.2867908545442033,0.9519906323185018,0.16564176275046605,-0.16564176275046605,0.14122660353782387,0.1489430910370072,0.011092022183829108,0.011224561704361096,0.7026592503642496,0.04877915546767886,-0.14632956996905866,0.18495395553187344,0.5038056206088992,-0.017652016251705094,0.9655181503283559,0.497261567516525,-0.16045348046255004,0.7126926470667844,0.4872881355932203,0.14632956996905866,1.3568694288499132,0.5108015344235817,0.12199972661309771,1.27446903668877,0.5207674050632911,-0.18495395553187344,0.6880355643434503,0.24686501106122458,0.18495395553187344,0.4872881355932203,0.5207674050632911,0.47923259493670883,0.5127118644067796,0.48919846557641833,2530.0,2633.0,2530.0,2633.0,2423.0,2662.0,10248.0,5056.0,5192.0,4953.0,5295.0,2423.0,2662.0,0.5027384324834749,2662.0,0.5027384324834749,0.5127118644067796,0.5127118644067796,0.47923259493670883,0.3426332880983048,0.47923259493670883,0.5127118644067796,-0.14632956996905866
MLP Reweighed GENDER Mitigation,0.5,0.5056596409055425,0.5204918032786885,0.7486450605232332,-0.1479897741484587,0.13504359731876897,0.009118386588396914,0.009211334777865496,-0.1479897741484587,0.2607446617132889,0.9513661202185799,0.15102928811000463,-0.15102928811000463,0.1292636244964323,0.13504359731876897,0.009118386588396914,0.009211334777865496,0.6966188417283068,0.04658251789490864,-0.12919294754732358,0.17286562867268568,0.5,-0.021989259177517817,0.9568960544531611,0.4945631796025497,-0.15094729071312563,0.7273047833142533,0.4797375530683134,0.12919294754732352,1.3135183820519118,0.505901505901506,0.10757995827973899,1.2401243906538912,0.520726411369917,-0.17286562867268568,0.7067337972712414,0.24263890532544388,0.17286562867268568,0.4797375530683134,0.520726411369917,0.4792735886300829,0.5202624469316867,0.4940984940984941,2486.0,2638.0,2486.0,2638.0,2428.0,2696.0,10248.0,5066.0,5182.0,4914.0,5334.0,2428.0,2696.0,0.5054368203974503,2696.0,0.5054368203974503,0.5202624469316867,0.5202624469316867,0.4792735886300829,0.3369156550465553,0.4792735886300829,0.5202624469316867,-0.12919294754732358
MLP AGE Mitigation,0.5139539422326308,0.5035128805620609,0.5120023419203747,1.1439446130455697,0.07172927413221108,0.032843759032664496,0.0005393562536978653,0.000530390516979125,0.07172927413221108,0.025122602386427495,0.9519516003122567,0.12648460854601262,0.07315967560672282,-0.029164102940650555,0.032843759032664496,0.0005393562536978653,0.000530390516979125,0.6912500047083588,0.1290828252680689,0.19964428415273544,0.19964428415273544,0.4860460577673692,-0.1255515701437412,0.7538251076774883,0.4829426338860301,-0.09962992546416677,0.8023663696505343,0.4742248062015504,-0.19964428415273555,0.6097354277629424,0.48930213957208557,-0.15795813134546788,0.6937997081094379,0.49803459119496857,-0.053324932939289804,0.8951165385250742,0.23891328450465305,0.19964428415273544,0.4742248062015504,0.49803459119496857,0.5019654088050315,0.5257751937984496,0.5106978604279144,2447.0,2534.0,2447.0,2534.0,2554.0,2713.0,10248.0,5088.0,5160.0,5001.0,5247.0,2554.0,2713.0,0.5170573661139699,2713.0,0.5170573661139699,0.5257751937984496,0.5257751937984496,0.5019654088050315,0.33144670151177114,0.5019654088050315,0.5257751937984496,0.19964428415273544
MLP DIR AGE Mitigation,0.5095628415300546,0.5042935206869633,0.5240046838407494,1.1730944489865291,0.08781875163538622,0.036534161903329705,0.0006673724929893537,0.0006550058085442571,0.08781875163538622,0.01446310890917124,0.9495901639344269,0.11427363996435164,0.08799674187259365,-0.027553338483403855,0.036534161903329705,0.0006673724929893537,0.0006550058085442571,0.6865029619056305,0.18174468436362856,0.2022703818369453,0.2022703818369453,0.4904371584699454,-0.11389424106187107,0.7775687258283684,0.48677839851024207,-0.09055971751427494,0.8211307595463477,0.46671826625387,-0.20227038183694535,0.5991820040899795,0.4944649446494465,-0.14566639448108265,0.7187724304756445,0.5145669291338583,-0.026276898091757983,0.9494295983747462,0.2356431583526018,0.2022703818369453,0.46671826625387,0.5145669291338583,0.48543307086614174,0.5332817337461301,0.5055350553505535,2412.0,2614.0,2412.0,2614.0,2466.0,2756.0,10248.0,5080.0,5168.0,4878.0,5370.0,2466.0,2756.0,0.5132216014897579,2756.0,0.5132216014897579,0.5332817337461301,0.5332817337461301,0.48543307086614174,0.32725316608479915,0.48543307086614174,0.5332817337461301,0.2022703818369453
MLP Reweighed AGE Mitigation,0.4992193598750976,0.4999024199843872,0.5354215456674473,1.1434065934065933,0.07476989612981921,0.021636044371871485,0.00023405920803079588,0.0002314229310043866,0.07476989612981921,0.03515712369805668,0.9510928961748639,0.09800325956912759,0.0726998251122466,0.0009066406365279278,0.021636044371871485,0.00023405920803079588,0.0002314229310043866,0.6825239495627575,0.1345892769595971,0.17070308468137418,0.17070308468137418,0.5007806401249024,-0.10078314739535299,0.8060751458809713,0.5008201202843083,-0.10189313737700834,0.8048472126142029,0.4653523326176069,-0.17070308468137418,0.657433712586019,0.5007351396765385,-0.10007985610395248,0.8064475015931327,0.5361951219512195,-0.02530343445688099,0.9532120960395714,0.2329194708633728,0.17070308468137418,0.4653523326176069,0.5361951219512195,0.4638048780487805,0.5346476673823931,0.49926486032346146,2384.0,2748.0,2384.0,2748.0,2377.0,2739.0,10248.0,5125.0,5123.0,4761.0,5487.0,2377.0,2739.0,0.4991798797156916,2739.0,0.4991798797156916,0.5346476673823931,0.5346476673823931,0.4638048780487805,0.32408100547286567,0.4638048780487805,0.5346476673823931,0.17070308468137418
MLP AGE&GENDER Mitigation,0.5139539422326308,0.5035128805620609,0.5120023419203747,1.060056899371552,0.034393648846787195,0.8841122182416976,0.39082720722212755,0.5763580820800348,0.034393648846787195,0.6896713627602191,0.9519516003122567,0.050601013141279405,0.050601013141279405,0.17334710518613933,0.13559838262293497,0.009193460684977938,0.009333935022625119,0.6912500047083588,-0.2711568382856866,0.054005154085686624,0.054005154085686624,0.4860460577673692,-0.04010523514084796,0.9278074810123833,0.4829426338860301,-0.17859431338872533,0.6940183379978926,0.4742248062015504,-0.05400515408568668,0.8878032457754726,0.48930213957208557,0.16809989698355332,1.3246347816746336,0.49803459119496857,0.047196872196872186,1.0762900050905182,0.23891328450465305,0.054005154085686624,0.4742248062015504,0.49803459119496857,0.5019654088050315,0.5257751937984496,0.5106978604279144,2447.0,2534.0,2447.0,2534.0,2554.0,2713.0,10248.0,5088.0,5160.0,5001.0,5247.0,2554.0,2713.0,0.5170573661139699,2713.0,0.5170573661139699,0.5257751937984496,0.5257751937984496,0.5019654088050315,0.33144670151177114,0.5019654088050315,0.5257751937984496,0.054005154085686624
MLP DIR AGE&GENDER Mitigation,0.5000975800156128,0.5036104605776737,0.5199063231850117,0.9995747224039345,-0.00025181878417546155,0.9048839809552299,0.40940750949469246,0.5961828701790066,-0.00025181878417546155,0.7272967239273365,0.9501951600312261,0.07992533932702611,0.03735439355521436,0.1961698799147273,0.14728178951740117,0.01084596276172403,0.010929899700657043,0.6955159272265468,-0.33015007119309825,-0.04257094577181175,0.11727973288224047,0.4999024199843872,0.036255212063207365,1.0665254367382027,0.4964339339339339,-0.12385358331304275,0.7820622679234505,0.4801395078473164,0.0425709457718117,1.0947689311476223,0.5036585365853659,0.2684861765164118,1.5252748225206978,0.5199528209160605,0.11727973288224047,1.186773250695496,0.24187120251290153,0.11727973288224047,0.4801395078473164,0.5199528209160605,0.48004717908393946,0.5198604921526836,0.49634146341463414,2478.0,2645.0,2478.0,2645.0,2442.0,2683.0,10248.0,5087.0,5161.0,4920.0,5328.0,2442.0,2683.0,0.503566066066066,2683.0,0.503566066066066,0.5198604921526836,0.5198604921526836,0.48004717908393946,0.335899684328172,0.48004717908393946,0.5198604921526836,-0.04257094577181175
MLP Reweighed AGE&GENDER Mitigation,0.49746291959406713,0.5057572209211554,0.5170765027322405,1.0291606378286502,0.01690167136390286,0.8778687600147174,0.3853267799048887,0.56990457335917,0.01690167136390286,0.6558479136766691,0.9530249804839974,0.04474331281732885,0.04474331281732885,0.17519663375487307,0.14127543876754434,0.009979374799481086,0.010072761597468624,0.7008747238058538,-0.24808510922587768,0.018691564182903853,0.07079506145175385,0.5025370804059328,-0.011526674481537325,0.9796590634008936,0.4968862049443291,-0.15371236824871537,0.737998993271828,0.4856260852787961,-0.018691564182903797,0.9615502809745505,0.5085875934532229,0.19668089926103083,1.3648439880585819,0.5198420533070088,0.07079506145175385,1.1111358882390998,0.24561268923496593,0.07079506145175385,0.4856260852787961,0.5198420533070088,0.4801579466929911,0.514373914721204,0.49141240654677715,2517.0,2633.0,2517.0,2633.0,2432.0,2666.0,10248.0,5065.0,5183.0,4949.0,5299.0,2432.0,2666.0,0.5031137950556709,2666.0,0.5031137950556709,0.514373914721204,0.514373914721204,0.4801579466929911,0.3409358353593201,0.4801579466929911,0.514373914721204,0.018691564182903853
LSTM GENDER Mitigation,0.5127829820452772,0.5035128805620609,0.5129781420765027,0.8066329543073729,-0.1089135154064308,0.12444202797621257,0.0077429091634162355,0.007813513657504928,-0.1089135154064308,0.2934255907734742,0.9519516003122567,0.11603807082322914,-0.11603807082322914,0.1472140698305795,0.12444202797621257,0.0077429091634162355,0.007813513657504928,0.691400856053353,-0.07082907249109416,-0.07725509907911543,0.15482104256734286,0.48721701795472283,-0.03829688269871345,0.924148528811378,0.48411641620696216,-0.18525272596933834,0.6691003032685612,0.4744186046511628,0.07725509907911543,1.1782923605898514,0.49048286916449607,0.10917541369182071,1.2515418231331625,0.5001965408805031,-0.15482104256734286,0.7238134964775677,0.23901757187565464,0.15482104256734286,0.4744186046511628,0.5001965408805031,0.49980345911949686,0.5255813953488372,0.5095171308355039,2448.0,2545.0,2448.0,2545.0,2543.0,2712.0,10248.0,5088.0,5160.0,4991.0,5257.0,2543.0,2712.0,0.5158835837930379,2712.0,0.5158835837930379,0.5255813953488372,0.5255813953488372,0.49980345911949686,0.3316250870412109,0.49980345911949686,0.5255813953488372,-0.07725509907911543
LSTM DIR GENDER Mitigation,0.5181498829039812,0.5022443403590945,0.5104410616705699,0.7770772617109419,-0.12677498205642407,0.12441149658339061,0.007739110241059506,0.007812392139641835,-0.12677498205642407,0.25485072984919377,0.9523419203747078,0.1333938593460221,-0.1333938593460221,0.13160810355464442,0.12441149658339061,0.007739110241059506,0.007812392139641835,0.6884627129020551,0.0027850651229621715,-0.13225164697397268,0.13453607171807153,0.48185011709601877,-0.00040554916083557213,0.9991586753551055,0.4800229401644045,-0.1324100897767404,0.7514351711580857,0.4715368175636293,0.13225164697397274,1.3284960263547065,0.48375523221048433,0.13080611733254843,1.3150159418421958,0.4922564203097432,-0.13453607171807153,0.7534574371078248,0.23699045352822873,0.13453607171807153,0.4715368175636293,0.4922564203097432,0.5077435796902569,0.5284631824363707,0.5162447677895157,2427.0,2511.0,2427.0,2511.0,2590.0,2720.0,10248.0,5101.0,5147.0,5017.0,5231.0,2590.0,2720.0,0.5199770598355955,2720.0,0.5199770598355955,0.5284631824363707,0.5284631824363707,0.5077435796902569,0.32874969175844326,0.5077435796902569,0.5284631824363707,-0.13225164697397268
LSTM Reweighed GENDER Mitigation,0.5237119437939111,0.5113192818110851,0.5145394223263076,0.8264992809002504,-0.09694255425932197,0.1140595783001796,0.006504793701007401,0.006563473972075047,-0.09694255425932197,0.2767422504609155,0.9475409836065578,0.10661775905689752,-0.10661775905689752,0.13822235548012426,0.1140595783001796,0.006504793701007401,0.006563473972075047,0.6879135682605255,-0.07817880349401862,-0.0722596732414984,0.14097584487229664,0.47628805620608894,-0.03252916525522542,0.9337654871081513,0.46595865731082875,-0.17142604248330523,0.6802442381224576,0.46259541984732827,0.07225967324149846,1.1700267405017655,0.4872361809045226,0.10501866847694324,1.2418969330086895,0.4906150159744409,-0.14097584487229664,0.7415161455095974,0.23661253869846433,0.14097584487229664,0.46259541984732827,0.4906150159744409,0.5093849840255591,0.5374045801526718,0.5127638190954774,2424.0,2457.0,2424.0,2457.0,2551.0,2816.0,10248.0,5008.0,5240.0,4975.0,5273.0,2551.0,2816.0,0.5340413426891713,2816.0,0.5340413426891713,0.5374045801526718,0.5374045801526718,0.5093849840255591,0.3280879457146774,0.5093849840255591,0.5374045801526718,-0.0722596732414984
LSTM AGE Mitigation,0.5127829820452772,0.5035128805620609,0.5129781420765027,1.1411827960174539,0.07052329246313244,0.032342522824747574,0.000523019391334659,0.0005144533601752711,0.07052329246313244,0.025122602386427495,0.9519516003122567,0.1241545269144724,0.07190419090281566,-0.02874918674787444,0.032342522824747574,0.000523019391334659,0.0005144533601752711,0.691400856053353,0.12667637482267458,0.19605871781728806,0.19605871781728806,0.48721701795472283,-0.12320767448261172,0.7587631554168085,0.48411641620696216,-0.09765369733215257,0.8065606818030723,0.4744186046511628,-0.19605871781728806,0.6163869770319388,0.49048286916449607,-0.15515207082790144,0.6996823255896497,0.5001965408805031,-0.05225033601165674,0.8976233253755344,0.23901757187565464,0.19605871781728806,0.4744186046511628,0.5001965408805031,0.49980345911949686,0.5255813953488372,0.5095171308355039,2448.0,2545.0,2448.0,2545.0,2543.0,2712.0,10248.0,5088.0,5160.0,4991.0,5257.0,2543.0,2712.0,0.5158835837930379,2712.0,0.5158835837930379,0.5255813953488372,0.5255813953488372,0.49980345911949686,0.3316250870412109,0.49980345911949686,0.5255813953488372,0.19605871781728806
LSTM DIR AGE Mitigation,0.5262490241998439,0.5090749414519906,0.5119047619047619,1.1046587791208526,0.052537120807328086,0.01952348956401823,0.00019058332237816437,0.00018865269312185257,0.052537120807328086,0.005111576199324341,0.9520101483216243,0.112732205469006,0.0500082708968462,-0.010426190611957015,0.01952348956401823,0.00019058332237816437,0.00018865269312185257,0.6863476459360818,0.10630825539285516,0.1627404763658522,0.1627404763658522,0.4737509758001561,-0.11385305727370132,0.7701091899158904,0.465497521921464,-0.1036620050477608,0.787010562745295,0.4625263561433774,-0.1627404763658522,0.6701501754195479,0.48240703718512595,-0.12451438627167472,0.7528813235068392,0.4853905784138342,-0.0627239345721598,0.8738418154961729,0.2355365455410005,0.1627404763658522,0.4625263561433774,0.4853905784138342,0.5146094215861657,0.5374736438566226,0.5175929628148741,2413.0,2442.0,2413.0,2442.0,2589.0,2804.0,10248.0,5031.0,5217.0,5002.0,5246.0,2589.0,2804.0,0.534502478078536,2804.0,0.534502478078536,0.5374736438566226,0.5374736438566226,0.5146094215861657,0.3265826443620034,0.5146094215861657,0.5374736438566226,0.1627404763658522
LSTM Reweighed AGE Mitigation,0.5201014832162373,0.5075136612021858,0.5135636221701796,1.1483495092891032,0.07413917922265967,0.028270812534006616,0.0003996194206664728,0.00039373252492949217,0.07413917922265967,0.0021702210461269633,0.950292740046839,0.09837915392230459,0.0724858654365271,-0.014026047270344316,0.028270812534006616,0.0003996194206664728,0.00039373252492949217,0.6885549309618352,0.15815093931490665,0.1708650193588317,0.1708650193588317,0.4798985167837627,-0.09959428683468319,0.8001885128214439,0.4731141934258028,-0.08655663064531677,0.8237576763411429,0.4668333012882138,-0.17086501935883158,0.6573791957785704,0.487061183550652,-0.11460872518600546,0.7733897623336423,0.49336239350108974,-0.025893288485777488,0.9480236822725648,0.23705394647592884,0.1708650193588317,0.4668333012882138,0.49336239350108974,0.5066376064989102,0.5331666987117862,0.512938816449348,2428.0,2490.0,2428.0,2490.0,2557.0,2773.0,10248.0,5047.0,5201.0,4985.0,5263.0,2557.0,2773.0,0.5268858065741973,2773.0,0.5268858065741973,0.5331666987117862,0.5331666987117862,0.5066376064989102,0.32877650703001915,0.5066376064989102,0.5331666987117862,0.1708650193588317
LSTM AGE&GENDER Mitigation,0.5127829820452772,0.5035128805620609,0.5129781420765027,1.0660197402484155,0.03770938851238825,0.8839982469406291,0.3907264502970527,0.5762990478898836,0.03770938851238825,0.6896713627602191,0.9519516003122567,0.05523435130972981,0.05523435130972981,0.17432757310129793,0.1325696047686218,0.008787350054254298,0.008916748103893537,0.691400856053353,-0.27440660901947855,0.05629764844840546,0.05629764844840546,0.48721701795472283,-0.0384051451749976,0.9311070780399274,0.48411641620696216,-0.17723983297753793,0.6973289006075891,0.4744186046511628,-0.05629764844840546,0.8839402324294411,0.49048286916449607,0.17141531322505799,1.3296448331251114,0.5001965408805031,0.05417105417105417,1.0875070875070876,0.23901757187565464,0.05629764844840546,0.4744186046511628,0.5001965408805031,0.49980345911949686,0.5255813953488372,0.5095171308355039,2448.0,2545.0,2448.0,2545.0,2543.0,2712.0,10248.0,5088.0,5160.0,4991.0,5257.0,2543.0,2712.0,0.5158835837930379,2712.0,0.5158835837930379,0.5255813953488372,0.5255813953488372,0.49980345911949686,0.3316250870412109,0.49980345911949686,0.5255813953488372,0.05629764844840546
LSTM DIR AGE&GENDER Mitigation,0.5210772833723654,0.510343481654957,0.523224043715847,1.0259854670821988,0.015233436622833385,0.8872962976209648,0.3936473598859359,0.5788433394856377,0.015233436622833385,0.662026735967971,0.9510538641686188,0.029724310541420662,0.029724310541420662,0.1893788597028775,0.13574922059716968,0.009213925446369517,0.009301720364360111,0.6831235295982969,-0.2677604027789764,0.020546837287440445,0.03890178379540088,0.47892271662763464,-0.03168015233828769,0.9409228519195612,0.4699738903394256,-0.18340289849269925,0.6708863285748213,0.4565965583173996,-0.020546837287440445,0.9540062096748902,0.48874334834220223,0.19535482091305567,1.3857107978928191,0.502192108409725,0.03890178379540088,1.0632185915256842,0.2333288783454176,0.03890178379540088,0.4565965583173996,0.502192108409725,0.497807891590275,0.5434034416826004,0.5112566516577978,2388.0,2520.0,2388.0,2520.0,2498.0,2842.0,10248.0,5018.0,5230.0,4886.0,5362.0,2498.0,2842.0,0.5300261096605744,2842.0,0.5300261096605744,0.5434034416826004,0.5434034416826004,0.497807891590275,0.3237586993829068,0.497807891590275,0.5434034416826004,0.020546837287440445
LSTM Reweighed AGE&GENDER Mitigation,0.5076112412177985,0.5008782201405152,0.5229313036690086,1.0613719991381372,0.035866415086236,0.8761643746679874,0.38383200571867265,0.5689410987268881,0.035866415086236,0.6373143594262121,0.9515807962529279,0.053363549395711196,0.053363549395711196,0.15326262512475808,0.12704941956765858,0.008070777506239475,0.008211956115798114,0.6862241957300514,-0.20359461879660334,0.027974657810361014,0.07875244098106138,0.49238875878220145,-0.009516456034757925,0.982626763750931,0.49188281395782796,-0.1280294613279679,0.7762930438227591,0.4695110072082603,-0.02797465781036096,0.9392447103959688,0.4929433421967683,0.17849578892154827,1.3477743176405936,0.515347018572825,0.07875244098106138,1.1263829546839832,0.23545182340267795,0.07875244098106138,0.4695110072082603,0.515347018572825,0.484652981427175,0.5304889927917398,0.5070566578032317,2410.0,2636.0,2410.0,2636.0,2479.0,2723.0,10248.0,5115.0,5133.0,4889.0,5359.0,2479.0,2723.0,0.508117186042172,2723.0,0.508117186042172,0.5304889927917398,0.5304889927917398,0.484652981427175,0.32707638503578457,0.484652981427175,0.5304889927917398,0.027974657810361014
LSTM GENDER Mitigation,0.514832162373146,0.5035128805620609,0.510343481654957,0.8137017922711182,-0.10402043820454598,0.12234491972410083,0.007484139691148339,0.007550885364794495,-0.10402043820454598,0.2934255907734742,0.9519516003122567,0.11155071613109818,-0.11155071613109818,0.14756111508124495,0.12234491972410083,0.007484139691148339,0.007550885364794495,0.6917811300223806,-0.08196780151741956,-0.07601234845774008,0.1470890838044563,0.485167837626854,-0.0344911559861365,0.9311673783972871,0.4820267686424474,-0.18236919144023417,0.6725644062777614,0.475,0.07601234845774013,1.1749226016939798,0.48844161020326826,0.11275303872225573,1.261943904066861,0.49547955974842767,-0.1470890838044563,0.7339367621625686,0.23928056592752095,0.1470890838044563,0.475,0.49547955974842767,0.5045204402515723,0.525,0.5115583897967317,2451.0,2521.0,2451.0,2521.0,2567.0,2709.0,10248.0,5088.0,5160.0,5018.0,5230.0,2567.0,2709.0,0.5179732313575526,2709.0,0.5179732313575526,0.525,0.525,0.5045204402515723,0.33190633415647225,0.5045204402515723,0.525,-0.07601234845774008
RNN DIR GENDER Mitigation,0.5182474629195941,0.5027322404371585,0.5180523028883685,0.7968518095740199,-0.11597544120931108,0.1261165336068714,0.007952690024506562,0.008034784748666576,-0.11597544120931108,0.28939229093425234,0.9522833723653401,0.12406803303942265,-0.12406803303942265,0.1470590662660173,0.1261165336068714,0.007952690024506562,0.008034784748666576,0.6834444482541407,-0.050209932662112156,-0.10717771416173982,0.14095835191710548,0.4817525370804059,-0.017823047608656717,0.9636169840436531,0.47975136560557546,-0.1632282030587115,0.7005289016463155,0.46389751552795033,0.10717771416173982,1.2629455254158632,0.4839036242154282,0.13088992947332312,1.3142933712729543,0.4998037676609105,-0.14095835191710548,0.7456091494491409,0.2335481569247034,0.14095835191710548,0.46389751552795033,0.4998037676609105,0.5001962323390895,0.5361024844720497,0.5160963757845718,2390.0,2547.0,2390.0,2547.0,2549.0,2762.0,10248.0,5096.0,5152.0,4939.0,5309.0,2549.0,2762.0,0.5202486343944246,2762.0,0.5202486343944246,0.5361024844720497,0.5361024844720497,0.5001962323390895,0.3241417787298409,0.5001962323390895,0.5361024844720497,-0.10717771416173982
RNN Reweighed GENDER Mitigation,0.5214676034348166,0.49414519906323184,0.5152224824355972,0.8092498287709282,-0.1076809946276045,0.11775175332887013,0.006932737706011539,0.0069958651363531636,-0.1076809946276045,0.268968044730312,0.9506049960968,0.11568363954871957,-0.11568363954871957,0.1397365931132088,0.11775175332887013,0.006932737706011539,0.0069958651363531636,0.6771663564675712,-0.04805782380088175,-0.1003097973651274,0.13105748173231174,0.4785323965651834,-0.018003453828075888,0.963014716109938,0.48484848484848486,-0.15474985760698518,0.7174328851495271,0.4628751974723539,0.1003097973651274,1.2445241868900674,0.4718196457326892,0.12472332861943247,1.3058059323799662,0.49382716049382713,-0.13105748173231174,0.7596262369391651,0.22927713716578285,0.13105748173231174,0.4628751974723539,0.49382716049382713,0.5061728395061729,0.5371248025276462,0.5281803542673108,2344.0,2560.0,2344.0,2560.0,2624.0,2720.0,10248.0,5184.0,5064.0,4968.0,5280.0,2624.0,2720.0,0.5151515151515151,2720.0,0.5151515151515151,0.5371248025276462,0.5371248025276462,0.5061728395061729,0.3182963536398081,0.5061728395061729,0.5371248025276462,-0.1003097973651274
LSTM AGE Mitigation,0.514832162373146,0.5035128805620609,0.510343481654957,1.153912964319878,0.07630682541232736,0.034684573142700764,0.0006015098070456796,0.0005909710119291094,0.07630682541232736,0.025122602386427495,0.9519516003122567,0.121604608711772,0.0777185430788497,-0.029187635895819075,0.034684573142700764,0.0006015098070456796,0.0005909710119291094,0.6917811300223806,0.13888234968080382,0.1993231517906217,0.1993231517906217,0.485167837626854,-0.12067511297754652,0.762544367154766,0.4820267686424474,-0.09480417085397647,0.8112639484839239,0.475,-0.19932315179062177,0.6109071094640958,0.48844161020326826,-0.1531794426456145,0.7019808051645815,0.49547955974842767,-0.0438860656329223,0.9129291956910012,0.23928056592752095,0.1993231517906217,0.475,0.49547955974842767,0.5045204402515723,0.525,0.5115583897967317,2451.0,2521.0,2451.0,2521.0,2567.0,2709.0,10248.0,5088.0,5160.0,5018.0,5230.0,2567.0,2709.0,0.5179732313575526,2709.0,0.5179732313575526,0.525,0.525,0.5045204402515723,0.33190633415647225,0.5045204402515723,0.525,0.1993231517906217
RNN DIR AGE Mitigation,0.51532006245121,0.5063427010148321,0.5171740827478533,1.1333133110760334,0.06727976425469517,0.02615451656450301,0.00034202936836143113,0.00033734790347103555,0.06727976425469517,0.0014105982510377313,0.9495120999219365,0.09782666407633323,0.06614516830777561,-0.014647576821622238,0.02615451656450301,0.00034202936836143113,0.00033734790347103555,0.6886463302879452,0.14448721584548996,0.16397183238410884,0.16397183238410884,0.48467993754879,-0.09858440020303416,0.804005662307811,0.4790566037735849,-0.08517004417351992,0.8284786915281241,0.4679128926575448,-0.16397183238410884,0.670966304057339,0.49070331447049315,-0.1144651978167644,0.7753634080832444,0.5018778414706464,-0.03168149576855761,0.9376066955643614,0.2371168841095269,0.16397183238410884,0.4679128926575448,0.5018778414706464,0.49812215852935365,0.5320871073424552,0.5092966855295069,2428.0,2539.0,2428.0,2539.0,2520.0,2761.0,10248.0,5059.0,5189.0,4948.0,5300.0,2520.0,2761.0,0.5209433962264151,2761.0,0.5209433962264151,0.5320871073424552,0.5320871073424552,0.49812215852935365,0.3290088232374954,0.49812215852935365,0.5320871073424552,0.16397183238410884
RNN Reweighed AGE Mitigation,0.5113192818110851,0.5030249804839969,0.5190281030444965,1.1407967373665078,0.07125463312466718,0.031185276630926698,0.00048626073927371144,0.00047819802947166176,0.07125463312466718,0.02184486681565001,0.9523614363778303,0.10791663567133555,0.07235131771914746,-0.02681926404404608,0.031185276630926698,0.00048626073927371144,0.00047819802947166176,0.6878658203847894,0.13385171540245688,0.18026795339048302,0.18026795339048302,0.4886807181889149,-0.10692722744136762,0.7895583831674938,0.4861816130851664,-0.08352826425267962,0.8339606775230106,0.46983511154219204,-0.18026795339048302,0.6409055585095504,0.4913775613714749,-0.13716679234077167,0.732763474188393,0.5077557431769095,-0.03556531795218809,0.9308516932929589,0.23657969342681967,0.18026795339048302,0.46983511154219204,0.5077557431769095,0.49224425682309053,0.530164888457808,0.5086224386285251,2422.0,2586.0,2422.0,2586.0,2507.0,2733.0,10248.0,5093.0,5155.0,4929.0,5319.0,2507.0,2733.0,0.5138183869148336,2733.0,0.5138183869148336,0.530164888457808,0.530164888457808,0.49224425682309053,0.3284337213207425,0.49224425682309053,0.530164888457808,0.18026795339048302
LSTM AGE&GENDER Mitigation,0.514832162373146,0.5035128805620609,0.510343481654957,1.0857409690878619,0.0485142404422958,0.8836461333776144,0.3904152445166044,0.5761170992198562,0.0485142404422958,0.6896713627602191,0.9519516003122567,0.06665191137534898,0.06665191137534898,0.17678510928760857,0.13141087392353096,0.008634408892673076,0.008764641620369313,0.6917811300223806,-0.25761788264531804,0.0605746000214753,0.07272922272922266,0.485167837626854,-0.03251650671008277,0.9412409967858094,0.4820267686424474,-0.17216135873498478,0.7045943916114273,0.475,-0.060574600021475355,0.8754823178849058,0.48844161020326826,0.18140885984023236,1.3522079972928769,0.49547955974842767,0.07272922272922266,1.1191662166954754,0.23928056592752095,0.07272922272922266,0.475,0.49547955974842767,0.5045204402515723,0.525,0.5115583897967317,2451.0,2521.0,2451.0,2521.0,2567.0,2709.0,10248.0,5088.0,5160.0,5018.0,5230.0,2567.0,2709.0,0.5179732313575526,2709.0,0.5179732313575526,0.525,0.525,0.5045204402515723,0.33190633415647225,0.5045204402515723,0.525,0.0605746000214753
RNN DIR AGE&GENDER Mitigation,0.5135636221701796,0.5081967213114754,0.5137587822014051,1.0348600582727878,0.01987081959157444,0.8741000699753707,0.382025466165474,0.5663922233425618,0.01987081959157444,0.6639559276545508,0.9503512880562067,0.03818657701304373,0.03818657701304373,0.16540199010884962,0.1312123133004875,0.008608335580832644,0.008674059485919901,0.6935700530944094,-0.29666572852231987,0.008926573985298725,0.06744658004078874,0.4864363778298204,-0.002266405848870612,0.9957861508142187,0.4788224121557455,-0.13893719297629298,0.7517081541471785,0.4731182795698925,-0.008926573985298836,0.9808348771785371,0.49448123620309054,0.19186678724140627,1.3769141017374407,0.5001984126984127,0.06744658004078874,1.112084923060533,0.240519709274691,0.06744658004078874,0.4731182795698925,0.5001984126984127,0.4998015873015873,0.5268817204301075,0.5055187637969095,2464.0,2521.0,2464.0,2521.0,2519.0,2744.0,10248.0,5040.0,5208.0,4983.0,5265.0,2519.0,2744.0,0.5211775878442545,2744.0,0.5211775878442545,0.5268817204301075,0.5268817204301075,0.4998015873015873,0.3335943579553823,0.4998015873015873,0.5268817204301075,0.008926573985298725
RNN Reweighed AGE&GENDER Mitigation,0.515807962529274,0.5030249804839969,0.5192232630757221,1.0766173677069202,0.044677218234527194,0.8801235494065676,0.38730873111000735,0.5724729542853687,0.044677218234527194,0.7008680099008703,0.9498829039812652,0.058093303368833116,0.058093303368833116,0.18238753922610756,0.1343036773981674,0.00901873888133551,0.009143054807014684,0.6845617996465032,-0.219594251593224,0.057272485917140514,0.05891412082052572,0.48419203747072603,-0.04499528439228795,0.9170129991419516,0.48186431121969553,-0.18321869512359856,0.6757712924131943,0.46517943743937923,-0.05727248591714046,0.8744344999683032,0.4867059062309722,0.18155638332861657,1.3558722329252844,0.5034360887492637,0.05891412082052572,1.0954226783174152,0.23431242876762962,0.05891412082052572,0.46517943743937923,0.5034360887492637,0.4965639112507363,0.5348205625606207,0.5132940937690278,2398.0,2564.0,2398.0,2564.0,2529.0,2757.0,10248.0,5093.0,5155.0,4927.0,5321.0,2529.0,2757.0,0.5181356887803045,2757.0,0.5181356887803045,0.5348205625606207,0.5348205625606207,0.4965639112507363,0.32524692582370834,0.4965639112507363,0.5348205625606207,0.057272485917140514
CNN GENDER Mitigation,0.4885831381733021,0.5035128805620609,0.5291764246682279,0.774628464223646,-0.13310725536338125,0.1342359884426322,0.009009650296585243,0.009100433927631069,-0.13310725536338125,0.2934255907734742,0.9519516003122567,0.13440684905520836,-0.13440684905520836,0.13992125762097618,0.1342359884426322,0.009009650296585243,0.009100433927631069,0.6967913864192522,-0.011965949816097332,-0.0696118357891663,0.19920186232125042,0.5114168618266979,-0.06792768161396845,0.8748497672300909,0.5074681910381708,-0.20466457454091302,0.6526032039433148,0.4823643410852713,0.06961183578916624,1.15631904334423,0.5158549222797928,0.07517794070103934,1.1579785749243237,0.5408805031446541,-0.19920186232125042,0.6779569892473118,0.2427591180940318,0.19920186232125042,0.4823643410852713,0.5408805031446541,0.4591194968553459,0.5176356589147287,0.48414507772020726,2489.0,2752.0,2489.0,2752.0,2336.0,2671.0,10248.0,5088.0,5160.0,4825.0,5423.0,2336.0,2671.0,0.49253180896182924,2671.0,0.49253180896182924,0.5176356589147287,0.5176356589147287,0.4591194968553459,0.3376211426424689,0.4591194968553459,0.5176356589147287,-0.0696118357891663
CNN DIR GENDER Mitigation,0.4884855581576893,0.499512099921936,0.5352263856362217,0.7585940324774018,-0.1450240548929813,0.13959072477051246,0.00974278522097848,0.009864772554828033,-0.1450240548929813,0.2969120532626367,0.952068696330992,0.1453664482292065,-0.1453664482292065,0.14411849611794356,0.13959072477051246,0.00974278522097848,0.009864772554828033,0.6896787258084623,0.012888979475457307,-0.12191047353792833,0.16882242292048466,0.5115144418423108,-0.02927753818142398,0.9442058312404207,0.5112123974475843,-0.16764683166578903,0.7087966768543295,0.47626489548739986,0.12191047353792839,1.2956177353352551,0.5118622716775142,0.12059016057009814,1.2691380399589354,0.5466952622343537,-0.16882242292048466,0.7236108454400094,0.23782837241639207,0.16882242292048466,0.47626489548739986,0.5466952622343537,0.45330473776564634,0.5237351045126001,0.4881377283224858,2438.0,2804.0,2438.0,2804.0,2325.0,2681.0,10248.0,5129.0,5119.0,4763.0,5485.0,2325.0,2681.0,0.48878760255241566,2681.0,0.48878760255241566,0.5237351045126001,0.5237351045126001,0.45330473776564634,0.33113907293229233,0.45330473776564634,0.5237351045126001,-0.12191047353792833
CNN Reweighed GENDER Mitigation,0.49268149882903983,0.5070257611241218,0.5252732240437158,0.7626826276728462,-0.13939211487384112,0.12866438643192216,0.008277262167951497,0.008380099208648652,-0.13939211487384112,0.25681069516684807,0.9523028883684626,0.1413455064796151,-0.1413455064796151,0.12356757438986421,0.12866438643192216,0.008277262167951497,0.008380099208648652,0.6992692744623851,0.03416566271457511,-0.10012887035215823,0.182562142607072,0.5073185011709602,-0.04104626719570048,0.9219062817297737,0.500278655025079,-0.16486791352741864,0.7071159684116427,0.4822940723633564,0.10012887035215817,1.2319772655180414,0.5151079136690647,0.08226723525230989,1.1741125150421179,0.5330562153602534,-0.182562142607072,0.6972519231699648,0.2444887591035752,0.182562142607072,0.4822940723633564,0.5330562153602534,0.4669437846397466,0.5177059276366436,0.4848920863309353,2506.0,2693.0,2506.0,2693.0,2359.0,2690.0,10248.0,5052.0,5196.0,4865.0,5383.0,2359.0,2690.0,0.49972134497492104,2690.0,0.49972134497492104,0.5177059276366436,0.5177059276366436,0.4669437846397466,0.33968326407445587,0.4669437846397466,0.5177059276366436,-0.10012887035215823
CNN AGE Mitigation,0.4885831381733021,0.5035128805620609,0.5291764246682279,1.2253255966902956,0.11432040343416228,0.048612647713965784,0.0011815947588810713,0.001152999499707494,0.11432040343416228,0.025122602386427495,0.9519516003122567,0.11496369344122373,0.11496369344122373,-0.032883833532885015,0.048612647713965784,0.0011815947588810713,0.001152999499707494,0.6967913864192522,0.23875206567535334,0.22367733608354384,0.22367733608354384,0.5114168618266979,-0.10699129029680465,0.798827260965736,0.5074681910381708,-0.08065133455519002,0.8465399527482206,0.4823643410852713,-0.22367733608354384,0.5732940314368048,0.5158549222797928,-0.14641900162096,0.7280029005813453,0.5408805031446541,0.006250050798903617,1.0115813921859376,0.2427591180940318,0.22367733608354384,0.4823643410852713,0.5408805031446541,0.4591194968553459,0.5176356589147287,0.48414507772020726,2489.0,2752.0,2489.0,2752.0,2336.0,2671.0,10248.0,5088.0,5160.0,4825.0,5423.0,2336.0,2671.0,0.49253180896182924,2671.0,0.49253180896182924,0.5176356589147287,0.5176356589147287,0.4591194968553459,0.3376211426424689,0.4591194968553459,0.5176356589147287,0.22367733608354384
CNN DIR AGE Mitigation,0.4946330991412959,0.5071233411397346,0.5392271662763466,1.0900250210112565,0.047746587758096704,0.021640485770257938,0.00023415531218636814,0.00023148644702183634,0.047746587758096704,0.019585838056379368,0.9502146760343488,0.0695844823382969,0.047493113465790604,-0.019003021540211357,0.021640485770257938,0.00023415531218636814,0.00023148644702183634,0.6880764639420015,0.08754075751867052,0.1170775958040875,0.1170775958040875,0.5053669008587041,-0.06891299006084528,0.8670019125923988,0.498371335504886,-0.05191774438967767,0.8979396738840573,0.4666153550125072,-0.11707759580408755,0.7600841162683242,0.5135535789919525,-0.08992378747010032,0.8299559831727963,0.5452385666204712,-0.02209136887250629,0.9597901771721122,0.23672461011546422,0.1170775958040875,0.4666153550125072,0.5452385666204712,0.4547614333795288,0.5333846449874928,0.4864464210080474,2425.0,2754.0,2425.0,2754.0,2297.0,2772.0,10248.0,5051.0,5197.0,4722.0,5526.0,2297.0,2772.0,0.501628664495114,2772.0,0.501628664495114,0.5333846449874928,0.5333846449874928,0.4547614333795288,0.3293589123113121,0.4547614333795288,0.5333846449874928,0.1170775958040875
CNN Reweighed AGE Mitigation,0.48009367681498827,0.5003903200624512,0.5220530835284933,1.1201227712855621,0.06133652841101567,0.025650691940328787,0.0003289789985088241,0.00032457614469012016,0.06133652841101567,0.01192481103560361,0.9508782201405158,0.0801415046189572,0.06163603934153994,-0.013354107058194231,0.025650691940328787,0.0003289789985088241,0.00032457614469012016,0.7054380741746696,0.12190303623310872,0.14177754396049713,0.14177754396049713,0.5199063231850117,-0.07946569443510787,0.8513895256829308,0.5186915887850467,-0.06775880251911659,0.8727617016656907,0.49785491419656785,-0.14177754396049708,0.7294514325427484,0.5212331563903634,-0.09446701663550505,0.8240869795194612,0.5419921875,-0.018505465277417255,0.9660746741539717,0.24882143824763336,0.14177754396049713,0.49785491419656785,0.5419921875,0.4580078125,0.5021450858034321,0.47876684360963656,2553.0,2775.0,2553.0,2775.0,2345.0,2575.0,10248.0,5120.0,5128.0,4898.0,5350.0,2345.0,2575.0,0.48130841121495327,2575.0,0.48130841121495327,0.5021450858034321,0.5021450858034321,0.4580078125,0.34599612826095577,0.4580078125,0.5021450858034321,0.14177754396049713
CNN AGE&GENDER Mitigation,0.4885831381733021,0.5035128805620609,0.5291764246682279,1.0983437145813502,0.05817545208618036,0.8832618194518107,0.3900757208506615,0.5759193049829531,0.05817545208618036,0.6896713627602191,0.9519516003122567,0.0866374629873905,0.0866374629873905,0.18052397167393305,0.14824124596725036,0.010987733502961408,0.011167871673464794,0.6967913864192522,-0.15041713146444258,0.08802279072264574,0.08802279072264574,0.5114168618266979,-0.053010976456341674,0.910321656078209,0.5074681910381708,-0.18232002527026842,0.7016483097742168,0.4823643410852713,-0.08802279072264574,0.8237900435953759,0.5158549222797928,0.1787279180775978,1.3179054005021698,0.5408805031446541,0.08525213525213526,1.1274231203056826,0.2427591180940318,0.08802279072264574,0.4823643410852713,0.5408805031446541,0.4591194968553459,0.5176356589147287,0.48414507772020726,2489.0,2752.0,2489.0,2752.0,2336.0,2671.0,10248.0,5088.0,5160.0,4825.0,5423.0,2336.0,2671.0,0.49253180896182924,2671.0,0.49253180896182924,0.5176356589147287,0.5176356589147287,0.4591194968553459,0.3376211426424689,0.4591194968553459,0.5176356589147287,0.08802279072264574
CNN DIR AGE&GENDER Mitigation,0.5016588602654176,0.4972677595628415,0.5391295862607338,1.0163424124513618,0.010214007782101131,0.8860370333912266,0.3925308122703628,0.5781878342003259,0.010214007782101131,0.6707202184654707,0.9494145199063238,0.03484225605411401,0.03484225605411401,0.1692633988299911,0.15632231820533285,0.01221833358454467,0.012492657536953515,0.6763761764571812,-0.15405151128008832,0.010736535369774924,0.05894797673845309,0.4983411397345824,-0.023484564182583045,0.9585999181747753,0.5009954751131221,-0.14746983206494563,0.7481078880046739,0.45898744113029827,-0.010736535369774924,0.9754480698529412,0.4952360787634978,0.1910569655950366,1.3558235294117646,0.5372670807453416,0.05894797673845309,1.0869227102079733,0.22874236603941797,0.05894797673845309,0.45898744113029827,0.5372670807453416,0.46273291925465837,0.5410125588697017,0.5047639212365023,2339.0,2768.0,2339.0,2768.0,2384.0,2757.0,10248.0,5152.0,5096.0,4723.0,5525.0,2384.0,2757.0,0.49900452488687785,2757.0,0.49900452488687785,0.5410125588697017,0.5410125588697017,0.46273291925465837,0.3183858919869966,0.46273291925465837,0.5410125588697017,0.010736535369774924
CNN Reweighed AGE&GENDER Mitigation,0.4894613583138173,0.5015612802498048,0.5345433255269321,1.0489837032773321,0.029090257974396905,0.8874302388889307,0.39376621444723225,0.579573970609235,0.029090257974396905,0.8000603641175617,0.9518735362997663,0.0657160090366698,0.0657160090366698,0.18925969017388347,0.14397254664287765,0.01036404709341779,0.010417482646939485,0.6909686805393354,-0.3693080355481243,0.023045144592105937,0.10838687348123366,0.5105386416861827,-0.006424485236441901,0.988879516353704,0.5083972252646951,-0.15056073363131334,0.7480430622934343,0.4760700389105058,-0.02304514459210588,0.9522384980400248,0.5129979035639413,0.2279586467164536,1.41545898399659,0.5452231793265466,0.10838687348123366,1.1643661933978444,0.238718858743135,0.10838687348123366,0.4760700389105058,0.5452231793265466,0.45477682067345343,0.5239299610894942,0.4870020964360587,2447.0,2785.0,2447.0,2785.0,2323.0,2693.0,10248.0,5108.0,5140.0,4770.0,5478.0,2323.0,2693.0,0.49160277473530484,2693.0,0.49160277473530484,0.5239299610894942,0.5239299610894942,0.45477682067345343,0.3322611108373541,0.45477682067345343,0.5239299610894942,0.023045144592105937
RFC GENDER Mitigation,0.4885831381733021,0.5035128805620609,0.5291764246682279,0.774628464223646,-0.13310725536338125,0.1342359884426322,0.009009650296585243,0.009100433927631069,-0.13310725536338125,0.2934255907734742,0.9519516003122567,0.13440684905520836,-0.13440684905520836,0.13992125762097618,0.1342359884426322,0.009009650296585243,0.009100433927631069,0.6967913864192522,-0.011965949816097332,-0.0696118357891663,0.19920186232125042,0.5114168618266979,-0.06792768161396845,0.8748497672300909,0.5074681910381708,-0.20466457454091302,0.6526032039433148,0.4823643410852713,0.06961183578916624,1.15631904334423,0.5158549222797928,0.07517794070103934,1.1579785749243237,0.5408805031446541,-0.19920186232125042,0.6779569892473118,0.2427591180940318,0.19920186232125042,0.4823643410852713,0.5408805031446541,0.4591194968553459,0.5176356589147287,0.48414507772020726,2489.0,2752.0,2489.0,2752.0,2336.0,2671.0,10248.0,5088.0,5160.0,4825.0,5423.0,2336.0,2671.0,0.49253180896182924,2671.0,0.49253180896182924,0.5176356589147287,0.5176356589147287,0.4591194968553459,0.3376211426424689,0.4591194968553459,0.5176356589147287,-0.0696118357891663
RFC DIR GENDER Mitigation,0.5087822014051522,0.5025370804059328,0.516783762685402,0.7746379582843785,-0.12975145989672432,0.12624154676776558,0.007968464065158972,0.008052469374474867,-0.12975145989672432,0.2605320117085881,0.954059328649493,0.13497439312225462,-0.13497439312225462,0.13155279901928454,0.12624154676776558,0.007968464065158972,0.008052469374474867,0.6908817315723791,0.0062577488654708135,-0.10557379583928256,0.16437499040522668,0.4912177985948478,-0.029362275724041376,0.941806280193862,0.4890483383685801,-0.1606048463751052,0.7090675292732338,0.4745631067961165,0.10557379583928261,1.2513950732341539,0.49353796445880455,0.1025007516634639,1.2328848495648816,0.5080423695566889,-0.16437499040522668,0.7127831484478172,0.23865878351022443,0.16437499040522668,0.4745631067961165,0.5080423695566889,0.4919576304433111,0.5254368932038835,0.5064620355411955,2444.0,2590.0,2444.0,2590.0,2508.0,2706.0,10248.0,5098.0,5150.0,4952.0,5296.0,2508.0,2706.0,0.5109516616314199,2706.0,0.5109516616314199,0.5254368932038835,0.5254368932038835,0.4919576304433111,0.3312937551950713,0.4919576304433111,0.5254368932038835,-0.10557379583928256
RFC Reweighed GENDER Mitigation,0.5134660421545667,0.5119047619047619,0.5277127244340359,0.7989426110145037,-0.11690818915179058,0.12383748716264495,0.007667861613379126,0.007739648663041034,-0.11690818915179058,0.28254747726062135,0.9492388758782206,0.12434886316636512,-0.12434886316636512,0.1390573011354966,0.12383748716264495,0.007667861613379126,0.007739648663041034,0.6864887222477313,-0.03626147902107846,-0.08744868425788743,0.1612490420748428,0.4865339578454333,-0.03792984582470538,0.9247384851306204,0.47596153846153844,-0.17489435371951395,0.6801222019186844,0.459778879146016,0.08744868425788743,1.211320170017361,0.4983471074380165,0.10322024855147915,1.2321954523240555,0.5145941623350659,-0.1612490420748428,0.7208375959079284,0.23563338288666136,0.1612490420748428,0.459778879146016,0.5145941623350659,0.485405837664934,0.540221120853984,0.5016528925619834,2412.0,2574.0,2412.0,2574.0,2428.0,2834.0,10248.0,5002.0,5246.0,4840.0,5408.0,2428.0,2834.0,0.5240384615384616,2834.0,0.5240384615384616,0.540221120853984,0.540221120853984,0.485405837664934,0.3270939418640589,0.485405837664934,0.540221120853984,-0.08744868425788743
RFC AGE Mitigation,0.4885831381733021,0.5035128805620609,0.5291764246682279,1.2253255966902956,0.11432040343416228,0.048612647713965784,0.0011815947588810713,0.001152999499707494,0.11432040343416228,0.025122602386427495,0.9519516003122567,0.11496369344122373,0.11496369344122373,-0.032883833532885015,0.048612647713965784,0.0011815947588810713,0.001152999499707494,0.6967913864192522,0.23875206567535334,0.22367733608354384,0.22367733608354384,0.5114168618266979,-0.10699129029680465,0.798827260965736,0.5074681910381708,-0.08065133455519002,0.8465399527482206,0.4823643410852713,-0.22367733608354384,0.5732940314368048,0.5158549222797928,-0.14641900162096,0.7280029005813453,0.5408805031446541,0.006250050798903617,1.0115813921859376,0.2427591180940318,0.22367733608354384,0.4823643410852713,0.5408805031446541,0.4591194968553459,0.5176356589147287,0.48414507772020726,2489.0,2752.0,2489.0,2752.0,2336.0,2671.0,10248.0,5088.0,5160.0,4825.0,5423.0,2336.0,2671.0,0.49253180896182924,2671.0,0.49253180896182924,0.5176356589147287,0.5176356589147287,0.4591194968553459,0.3376211426424689,0.4591194968553459,0.5176356589147287,0.22367733608354384
RFC DIR AGE Mitigation,0.5067330210772834,0.5044886807181889,0.5096604215456675,1.1768621030906032,0.08727626723735415,0.03400792888269327,0.0005782696134451616,0.0005680489818258768,0.08727626723735415,0.0013488707683996237,0.9511514441842316,0.11536837528737001,0.08634628032429323,-0.0171602358333654,0.03400792888269327,0.0005782696134451616,0.0005680489818258768,0.6986971572233126,0.187655868703122,0.20171465561166324,0.20171465561166324,0.49326697892271665,-0.11605822841912228,0.7745547980883375,0.48899100134022594,-0.1008977485037525,0.8022845736979274,0.48375241779497097,-0.20171465561166324,0.612928414835387,0.49771144278606966,-0.13521822017048324,0.7395432187331193,0.5029539188656952,-0.029022094963076783,0.9429084858837666,0.24408885875596917,0.20171465561166324,0.48375241779497097,0.5029539188656952,0.4970460811343048,0.516247582205029,0.5022885572139304,2501.0,2554.0,2501.0,2554.0,2524.0,2669.0,10248.0,5078.0,5170.0,5025.0,5223.0,2524.0,2669.0,0.5110089986597741,2669.0,0.5110089986597741,0.516247582205029,0.516247582205029,0.4970460811343048,0.3385553813050698,0.4970460811343048,0.516247582205029,0.20171465561166324
RFC Reweighed AGE Mitigation,0.5144418423106948,0.5063427010148321,0.517271662763466,1.1480714564003405,0.07457497350407594,0.023609564366103477,0.0002787057647785915,0.0002751979083850861,0.07457497350407594,0.026164796029562676,0.9516198282591731,0.10887133524380285,0.07106526667380311,-0.0037124900926030213,0.023609564366103477,0.0002787057647785915,0.0002751979083850861,0.6892020590818932,0.1365434686359882,0.17993660191760597,0.17993660191760597,0.4855581576893052,-0.11135625662398096,0.7798893912613074,0.47990945104697225,-0.1076214718873999,0.7855704447704049,0.4686837540952014,-0.17993660191760602,0.6417394355215967,0.49161107742065896,-0.11504645207260589,0.7744112729878195,0.502866179086776,-0.03780606856999974,0.9258165286538598,0.23749973912136077,0.17993660191760597,0.4686837540952014,0.502866179086776,0.49713382091322394,0.5313162459047986,0.508388922579341,2432.0,2544.0,2432.0,2544.0,2515.0,2757.0,10248.0,5059.0,5189.0,4947.0,5301.0,2515.0,2757.0,0.5200905489530278,2757.0,0.5200905489530278,0.5313162459047986,0.5313162459047986,0.49713382091322394,0.32954855698018126,0.49713382091322394,0.5313162459047986,0.17993660191760597
RFC AGE&GENDER Mitigation,0.4885831381733021,0.5035128805620609,0.5291764246682279,1.0983437145813502,0.05817545208618036,0.8832618194518107,0.3900757208506615,0.5759193049829531,0.05817545208618036,0.6896713627602191,0.9519516003122567,0.0866374629873905,0.0866374629873905,0.18052397167393305,0.14824124596725036,0.010987733502961408,0.011167871673464794,0.6967913864192522,-0.15041713146444258,0.08802279072264574,0.08802279072264574,0.5114168618266979,-0.053010976456341674,0.910321656078209,0.5074681910381708,-0.18232002527026842,0.7016483097742168,0.4823643410852713,-0.08802279072264574,0.8237900435953759,0.5158549222797928,0.1787279180775978,1.3179054005021698,0.5408805031446541,0.08525213525213526,1.1274231203056826,0.2427591180940318,0.08802279072264574,0.4823643410852713,0.5408805031446541,0.4591194968553459,0.5176356589147287,0.48414507772020726,2489.0,2752.0,2489.0,2752.0,2336.0,2671.0,10248.0,5088.0,5160.0,4825.0,5423.0,2336.0,2671.0,0.49253180896182924,2671.0,0.49253180896182924,0.5176356589147287,0.5176356589147287,0.4591194968553459,0.3376211426424689,0.4591194968553459,0.5176356589147287,0.08802279072264574
RFC DIR AGE&GENDER Mitigation,0.5053669008587042,0.5040983606557377,0.5182474629195941,1.0342272757792765,0.020025358500380674,0.8794506637561187,0.3867167349905388,0.5710570237219553,0.020025358500380674,0.7162919383396038,0.9519711163153792,0.04239234247495016,0.04239234247495016,0.1986398316470777,0.1415298030583356,0.01001534257686563,0.010145490497780674,0.6933489641131667,-0.29728139739348425,0.0228893764196747,0.06189530853022562,0.49463309914129583,-0.025015200779951896,0.9544455948616059,0.4908680097909998,-0.18325967590732556,0.6825268460824606,0.47657762291908634,-0.022889376419674812,0.9503295926184723,0.4986834109783269,0.2140199873868298,1.4200734360077514,0.512987012987013,0.06189530853022562,1.0991961966054309,0.24036639301840065,0.06189530853022562,0.47657762291908634,0.512987012987013,0.487012987012987,0.5234223770809137,0.5013165890216731,2462.0,2607.0,2462.0,2607.0,2475.0,2704.0,10248.0,5082.0,5166.0,4937.0,5311.0,2475.0,2704.0,0.5091319902090002,2704.0,0.5091319902090002,0.5234223770809137,0.5234223770809137,0.487012987012987,0.333690791271277,0.487012987012987,0.5234223770809137,0.0228893764196747
RFC Reweighed AGE&GENDER Mitigation,0.5141491022638564,0.5050741608118657,0.5166861826697893,1.0202234185364785,0.011728647858936903,0.8769923660077446,0.38455780501793085,0.5684737169603086,0.011728647858936903,0.7699123712459885,0.9507025761124127,0.03201094221552192,0.03201094221552192,0.19622694412240876,0.13593882006347102,0.009239681400124376,0.009328558488834475,0.6889334145497308,-0.39971847641394465,0.018355927502895608,0.04566595692814823,0.48585089773614365,-0.02616969697451177,0.9521545955045326,0.4813975448536355,-0.1871174237162569,0.6729296456891266,0.46947449768160743,-0.018355927502895664,0.9604738084532374,0.49061175045427013,0.20533646452856058,1.4008472583912037,0.5025630914826499,0.04566595692814823,1.0738637454049973,0.2373146248415756,0.04566595692814823,0.46947449768160743,0.5025630914826499,0.4974369085173502,0.5305255023183926,0.5093882495457298,2430.0,2549.0,2430.0,2549.0,2523.0,2746.0,10248.0,5072.0,5176.0,4953.0,5295.0,2523.0,2746.0,0.5186024551463645,2746.0,0.5186024551463645,0.5305255023183926,0.5305255023183926,0.4974369085173502,0.3293118616844027,0.4974369085173502,0.5305255023183926,0.018355927502895608
